{"cameraMode":{"drawMode":0,"name":"Shaded","section":"Shading Mode"},"sceneLighting":true,"audioPlay":false,"sceneViewState":{"m_AlwaysRefresh":false,"showFog":true,"showSkybox":true,"showFlares":true,"showImageEffects":true,"showParticleSystems":true,"showVisualEffectGraphs":true,"m_FxEnabled":true},"in2DMode":false,"pivot":{"x":-21.755268096923829,"y":42.64178466796875,"z":79.49014282226563},"rotation":{"x":-0.04228430613875389,"y":0.0245731882750988,"z":-0.001040167990140617,"w":-0.9988030791282654},"size":25.854778289794923,"orthographic":true}